<?xml version="1.0" encoding="UTF-8"?>
<!DOCTYPE mapper PUBLIC "-//mybatis.org//DTD Mapper 3.0//EN" "http://mybatis.org/dtd/mybatis-3-mapper.dtd">
<mapper namespace="co.team.library.member.service.MemberMapper">

	<select id="memberSelectList" resultType="co.team.library.member.vo.MemberVO">
		
		SELECT *
		FROM (
		SELECT ROWNUM RN, A.*
		FROM (
		SELECT * FROM MEMBER
		) A
		)
		WHERE RN BETWEEN #{start} AND #{end}
	</select>
	
	<select id="MemberSelect" resultType="co.team.library.member.vo.MemberVO">
		SELECT * FROM MEMBER
		WHERE ID = #{id}
		<if test="password != null">
			AND PASSWORD = #{password}
		</if>
	</select>



	<insert id="memberInsert">

	
	</insert>
	
	<update id="memberUpdate">
	
	</update>
	
	<update id="memberUpdateBlack">
	
	</update>

	<delete id="memberDelete">
	
	</delete>
	
	<select id="findId" resultType = "string">
		select id from member
		where name=#{name}
		and tel=#{tel}
	</select>
	
	<select id="findPw" resultType = "string">
		select password from member
		where id=#{id}
		and tel=#{tel}
	
	</select>

	<insert id="join" parameterType="co.team.library.member.vo.MemberVO">
	
	INSERT INTO MEMBER
		VALUES(#{id}, #{password}, #{name}, #{tel}, #{address}, 0, 0, #{postCode})
	</insert>
	
 	 <select id="memberBlackSelectList" resultType="co.team.library.member.vo.MemberVO">
      SELECT * FROM MEMBER
      WHERE BLACK = 1
   </select>
   
   <select id="selectAllId" resultType="string">
   	select id from member
   	where id = #{id}
   </select>
   
 <!--     <update id="memberUpdateBlack" parameterType="co.team.library.member.vo.MemberVO">
   UPDATE MEMBER SET BLACK = 1 WHERE ID=#{id}
   </update> -->
   
<!--      <update id="memberUpdatenormal" parameterType="co.team.library.member.vo.MemberVO">
   UPDATE MEMBER SET BLACK = 0 WHERE ID=#{id}
   </update>  -->

</mapper>