<?xml version="1.0" encoding="UTF-8"?>
<!DOCTYPE mapper PUBLIC "-//mybatis.org//DTD Mapper 3.0//EN" "http://mybatis.org/dtd/mybatis-3-mapper.dtd">
<mapper namespace="co.team.library.qna.service.QnaMapper">
	<select id="qnaSelectList" resultType="co.team.library.qnavo.QnaVO">
		SELECT * FROM QNA ORDER BY BOARDNUMBER DESC
	</select>
	
	<select id="qnaSearchList" resultType="co.team.library.qnavo.QnaVO">
		SELECT * FROM QNA
		<if test="key == 1 || key == 2||key == 3||key == 4" >where</if>
		<if test="key == 1"> 1 = 1</if>
		<if test="key == 2"> ID = #{val}</if>
		<if test="key == 3"> TITLE LIKE '%'|| #{val} ||'%'</if>
		<if test="key == 4"> CONTENT LIKE '%'|| #{val} ||'%'</if>
		ORDER BY BOARDNUMBER DESC
	</select>
	
	<select id="qnaSelect" parameterType="co.team.library.qnavo.QnaVO"
				resultType="co.team.library.qnavo.QnaVO">
		SELECT * FROM QNA WHERE boardNumber = #{boardNumber}
	</select>
	
	<insert id="qnaInsert" parameterType="co.team.library.qnavo.QnaVO">
		INSERT INTO QNA
		VALUES(b_id.nextval, #{id},#{title},#{content},#{wdate})
	</insert>
	
	<update id="qnaUpdate" parameterType="co.team.library.qnavo.QnaVO">
		UPDATE QNA
		<set>
			<if test="title != null">TITLE = #{title},</if>
			<if test="content != null">CONTENT = #{content},</if>
		</set>
		WHERE ID = #{id}
	</update>
	
	<delete id="qnaDelete" parameterType="co.team.library.qnavo.QnaVO">
		DELETE FROM QNA WHERE ID = #{id}
	</delete>
	
</mapper>